fixed acidity,volatile acidity,citric acid,residual sugar,chlorides,free sulfur dioxide,total sulfur dioxide,density,pH,sulphates,alcohol,quality,non-free sulfur dioxide,zeros
6.7,0.855,0.02,1.9,0.064,29.0,38.0,994.72,3.3,0.56,10.75,6,9.0,0
6.7,0.67,0.02,1.9,0.061,26.0,42.0,994.8900000000001,3.39,0.82,10.9,6,16.0,0
6.4,0.36,0.21,2.2,0.047,26.0,48.0,996.61,3.47,0.77,9.7,6,22.0,0
13.7,0.415,0.68,2.9,0.085,17.0,43.0,1001.4000000000001,3.06,0.8,10.0,6,26.0,0
7.7,0.69,0.49,1.8,0.115,20.0,112.0,996.8000000000001,3.21,0.71,9.3,5,92.0,0
